,title,price,rating,availability
0,A Light in the ...,£51.77,Three,In stock
1,Tipping the Velvet,£53.74,One,In stock
2,Soumission,£50.10,One,In stock
3,Sharp Objects,£47.82,Four,In stock
4,Sapiens: A Brief History ...,£54.23,Five,In stock
5,The Requiem Red,£22.65,One,In stock
6,The Dirty Little Secrets ...,£33.34,Four,In stock
7,The Coming Woman: A ...,£17.93,Three,In stock
8,The Boys in the ...,£22.60,Four,In stock
9,The Black Maria,£52.15,One,In stock
10,Starving Hearts (Triangular Trade ...,£13.99,Two,In stock
11,Shakespeare's Sonnets,£20.66,Four,In stock
12,Set Me Free,£17.46,Five,In stock
13,Scott Pilgrim's Precious Little ...,£52.29,Five,In stock
14,Rip it Up and ...,£35.02,Five,In stock
15,Our Band Could Be ...,£57.25,Three,In stock
16,Olio,£23.88,One,In stock
17,Mesaerion: The Best Science ...,£37.59,One,In stock
18,Libertarianism for Beginners,£51.33,Two,In stock
19,It's Only the Himalayas,£45.17,Two,In stock
20,In Her Wake,£12.84,One,In stock
21,How Music Works,£37.32,Two,In stock
22,Foolproof Preserving: A Guide ...,£30.52,Three,In stock
23,Chase Me (Paris Nights ...,£25.27,Five,In stock
24,Black Dust,£34.53,Five,In stock
25,Birdsong: A Story in ...,£54.64,Three,In stock
26,America's Cradle of Quarterbacks: ...,£22.50,Three,In stock
27,Aladdin and His Wonderful ...,£53.13,Three,In stock
28,Worlds Elsewhere: Journeys Around ...,£40.30,Five,In stock
29,Wall and Piece,£44.18,Four,In stock
30,The Four Agreements: A ...,£17.66,Five,In stock
31,The Five Love Languages: ...,£31.05,Three,In stock
32,The Elephant Tree,£23.82,Five,In stock
33,The Bear and the ...,£36.89,One,In stock
34,Sophie's World,£15.94,Five,In stock
35,Penny Maybe,£33.29,Three,In stock
36,Maude (1883-1993):She Grew Up ...,£18.02,Two,In stock
37,"In a Dark, Dark ...",£19.63,One,In stock
38,Behind Closed Doors,£52.22,Four,In stock
39,You can't bury them ...,£33.63,Two,In stock
40,Slow States of Collapse: ...,£57.31,Three,In stock
41,Reasons to Stay Alive,£26.41,Two,In stock
42,Private Paris (Private #10),£47.61,Five,In stock
43,#HigherSelfie: Wake Up Your ...,£23.11,Five,In stock
44,Without Borders (Wanderlove #1),£45.07,Two,In stock
45,When We Collided,£31.77,One,In stock
46,"We Love You, Charlie ...",£50.27,Five,In stock
47,Untitled Collection: Sabbath Poems ...,£14.27,Four,In stock
48,Unseen City: The Majesty ...,£44.18,Four,In stock
49,Unicorn Tracks,£18.78,Three,In stock
50,Unbound: How Eight Technologies ...,£25.52,One,In stock
51,Tsubasa: WoRLD CHRoNiCLE 2 ...,£16.28,One,In stock
52,Throwing Rocks at the ...,£31.12,Three,In stock
53,This One Summer,£19.49,Four,In stock
54,Thirst,£17.27,Five,In stock
55,The Torch Is Passed: ...,£19.09,One,In stock
56,The Secret of Dreadwillow ...,£56.13,One,In stock
57,The Pioneer Woman Cooks: ...,£56.41,One,In stock
58,The Past Never Ends,£56.50,Four,In stock
59,The Natural History of ...,£45.22,Three,In stock
60,The Nameless City (The ...,£38.16,Four,In stock
61,The Murder That Never ...,£54.11,Three,In stock
62,The Most Perfect Thing: ...,£42.96,Four,In stock
63,The Mindfulness and Acceptance ...,£23.89,Four,In stock
64,The Life-Changing Magic of ...,£16.77,Three,In stock
65,The Inefficiency Assassin: Time ...,£20.59,Five,In stock
66,The Gutsy Girl: Escapades ...,£37.13,One,In stock
67,The Electric Pencil: Drawings ...,£56.06,One,In stock
68,The Death of Humanity: ...,£58.11,Four,In stock
69,The Bulletproof Diet: Lose ...,£49.05,Three,In stock
70,The Art Forger,£40.76,Three,In stock
71,The Age of Genius: ...,£19.73,One,In stock
72,The Activist's Tao Te ...,£32.24,Five,In stock
73,Spark Joy: An Illustrated ...,£41.83,Four,In stock
74,Soul Reader,£39.58,Two,In stock
75,Security,£39.25,Two,In stock
76,"Saga, Volume 6 (Saga ...",£25.02,Three,In stock
77,"Saga, Volume 5 (Saga ...",£51.04,Two,In stock
78,Reskilling America: Learning to ...,£19.83,Two,In stock
79,"Rat Queens, Vol. 3: ...",£50.40,Three,In stock
80,"Princess Jellyfish 2-in-1 Omnibus, ...",£13.61,Five,In stock
81,Princess Between Worlds (Wide-Awake ...,£13.34,Five,In stock
82,"Pop Gun War, Volume ...",£18.97,One,In stock
83,"Political Suicide: Missteps, Peccadilloes, ...",£36.28,Two,In stock
84,Patience,£10.16,Three,In stock
85,"Outcast, Vol. 1: A ...",£15.44,Four,In stock
86,orange: The Complete Collection ...,£48.41,One,In stock
87,Online Marketing for Busy ...,£46.35,One,In stock
88,On a Midnight Clear,£14.07,Three,In stock
89,Obsidian (Lux #1),£14.86,Two,In stock
90,My Paris Kitchen: Recipes ...,£33.37,Two,In stock
91,Masks and Shadows,£56.40,Two,In stock
92,Mama Tried: Traditional Italian ...,£14.02,Four,In stock
93,"Lumberjanes, Vol. 2: Friendship ...",£46.91,Two,In stock
94,"Lumberjanes, Vol. 1: Beware ...",£45.61,Three,In stock
95,Lumberjanes Vol. 3: A ...,£19.92,Two,In stock
96,"Layered: Baking, Building, and ...",£40.11,One,In stock
97,Judo: Seven Steps to ...,£53.90,Two,In stock
98,Join,£35.67,Five,In stock
99,In the Country We ...,£22.00,Four,In stock
100,Immunity: How Elie Metchnikoff ...,£57.36,Five,In stock
101,"I Hate Fairyland, Vol. ...",£29.17,Two,In stock
102,I am a Hero ...,£54.63,Three,In stock
103,How to Be Miserable: ...,£46.03,One,In stock
104,Her Backup Boyfriend (The ...,£33.97,One,In stock
105,"Giant Days, Vol. 2 ...",£22.11,Two,In stock
106,Forever and Forever: The ...,£29.69,Three,In stock
107,First and First (Five ...,£15.97,Four,In stock
108,Fifty Shades Darker (Fifty ...,£21.96,One,In stock
109,Everydata: The Misinformation Hidden ...,£54.35,Two,In stock
110,Don't Be a Jerk: ...,£37.97,Two,In stock
111,Danganronpa Volume 1,£51.99,Four,In stock
112,Crown of Midnight (Throne ...,£43.29,Three,In stock
113,"Codename Baboushka, Volume 1: ...",£36.72,Four,In stock
114,Camp Midnight,£17.08,Four,In stock
115,Call the Nurse: True ...,£29.14,Five,In stock
116,Burning,£28.81,Three,In stock
117,Bossypants,£49.46,Two,In stock
118,"Bitch Planet, Vol. 1: ...",£37.92,Two,In stock
119,Avatar: The Last Airbender: ...,£28.09,Two,In stock
120,Algorithms to Live By: ...,£30.81,One,In stock
121,A World of Flavor: ...,£42.95,One,In stock
122,"A Piece of Sky, ...",£56.76,Five,In stock
123,A Murder in Time,£16.64,One,In stock
124,A Flight of Arrows ...,£55.53,Five,In stock
125,A Fierce and Subtle ...,£28.13,Four,In stock
126,A Court of Thorns ...,£52.37,One,In stock
127,(Un)Qualified: How God Uses ...,£54.00,Five,In stock
128,You Are What You ...,£21.87,Four,In stock
129,William Shakespeare's Star Wars: ...,£43.30,Four,In stock
130,Tuesday Nights in 1980,£21.04,Two,In stock
131,Tracing Numbers on a ...,£41.60,Three,In stock
132,Throne of Glass (Throne ...,£35.07,Three,In stock
133,Thomas Jefferson and the ...,£59.64,One,In stock
134,Thirteen Reasons Why,£52.72,One,In stock
135,The White Cat and ...,£58.08,Four,In stock
136,The Wedding Dress,£24.12,One,In stock
137,The Vacationers,£42.15,Four,In stock
138,The Third Wave: An ...,£12.61,Five,In stock
139,The Stranger,£17.44,Four,In stock
140,The Shadow Hero (The ...,£33.14,One,In stock
141,The Secret (The Secret ...,£27.37,Four,In stock
142,The Regional Office Is ...,£51.36,Five,In stock
143,The Psychopath Test: A ...,£36.00,Two,In stock
144,The Project,£10.65,One,In stock
145,The Power of Now: ...,£43.54,Two,In stock
146,The Omnivore's Dilemma: A ...,£38.21,Two,In stock
147,The Nerdy Nummies Cookbook: ...,£37.34,Five,In stock
148,The Murder of Roger ...,£44.10,Four,In stock
149,The Mistake (Off-Campus #2),£43.29,Three,In stock
150,The Matchmaker's Playbook (Wingmen ...,£55.85,One,In stock
151,The Love and Lemons ...,£37.60,Two,In stock
152,The Long Shadow of ...,£10.97,One,In stock
153,The Kite Runner,£41.82,Four,In stock
154,The House by the ...,£36.95,One,In stock
155,The Glittering Court (The ...,£44.28,One,In stock
156,The Girl on the ...,£55.02,Two,In stock
157,The Genius of Birds,£17.24,One,In stock
158,The Emerald Mystery,£23.15,Two,In stock
159,The Cookies & Cups ...,£41.25,One,In stock
160,The Bridge to Consciousness: ...,£32.00,Three,In stock
161,The Artist's Way: A ...,£38.49,Five,In stock
162,The Art of War,£33.34,Five,In stock
163,The Argonauts,£10.93,Two,In stock
164,The 10% Entrepreneur: Live ...,£27.55,Three,In stock
165,Suddenly in Love (Lake ...,£55.99,Two,In stock
166,Something More Than This,£16.24,Four,In stock
167,Soft Apocalypse,£26.12,Two,In stock
168,So You've Been Publicly ...,£12.23,Two,In stock
169,Shoe Dog: A Memoir ...,£23.99,Two,In stock
170,"Shobu Samurai, Project Aryoku ...",£29.06,Three,In stock
171,Secrets and Lace (Fatal ...,£20.27,One,In stock
172,Scarlett Epstein Hates It ...,£43.55,Five,In stock
173,Romero and Juliet: A ...,£36.94,One,In stock
174,Redeeming Love,£20.47,Five,In stock
175,Poses for Artists Volume ...,£41.06,One,In stock
176,Poems That Make Grown ...,£14.19,Four,In stock
177,"Nightingale, Sing",£38.28,One,In stock
178,Night Sky with Exit ...,£41.05,One,In stock
179,Mrs. Houdini,£30.25,Five,In stock
180,Modern Romance,£28.26,Five,In stock
181,Miss Peregrine’s Home for ...,£10.76,One,In stock
182,Louisa: The Extraordinary Life ...,£16.85,Two,In stock
183,Little Red,£13.47,Three,In stock
184,Library of Souls (Miss ...,£48.56,Five,In stock
185,Large Print Heart of ...,£19.15,Two,In stock
186,I Had a Nice ...,£57.36,Four,In stock
187,Hollow City (Miss Peregrine’s ...,£42.98,One,In stock
188,Grumbles,£22.16,Two,In stock
189,Full Moon over Noah’s ...,£49.43,Four,In stock
190,Frostbite (Vampire Academy #2),£29.99,Five,In stock
191,Follow You Home,£21.36,One,In stock
192,First Steps for New ...,£29.00,One,In stock
193,Finders Keepers (Bill Hodges ...,£53.53,Five,In stock
194,"Fables, Vol. 1: Legends ...",£41.62,Four,In stock
195,Eureka Trivia 6.0,£54.59,Four,In stock
196,Drive: The Surprising Truth ...,£34.95,Four,In stock
197,Done Rubbed Out (Reightman ...,£37.72,Five,In stock
198,Doing It Over (Most ...,£35.61,Three,In stock
199,Deliciously Ella Every Day: ...,£42.16,Three,In stock
200,Dark Notes,£19.19,Five,In stock
201,Daring Greatly: How the ...,£19.43,Three,In stock
202,Close to You,£49.46,Four,In stock
203,Chasing Heaven: What Dying ...,£37.80,Two,In stock
204,Big Magic: Creative Living ...,£30.80,Three,In stock
205,Becoming Wise: An Inquiry ...,£27.43,Two,In stock
206,Beauty Restored (Riley Family ...,£11.11,Two,In stock
207,Batman: The Long Halloween ...,£36.50,Two,In stock
208,Batman: The Dark Knight ...,£15.38,Five,In stock
209,Ayumi's Violin,£15.48,Two,In stock
210,Anonymous,£46.82,Four,In stock
211,Amy Meets the Saints ...,£18.46,Three,In stock
212,Amid the Chaos,£36.58,One,In stock
213,Amatus,£50.54,Five,In stock
214,Agnostic: A Spirited Manifesto,£12.51,Five,In stock
215,Zealot: The Life and ...,£24.70,Three,In stock
216,You (You #1),£43.61,Five,In stock
217,"Wonder Woman: Earth One, ...",£37.34,Four,In stock
218,Wild Swans,£14.36,Two,In stock
219,Why the Right Went ...,£52.65,Four,In stock
220,Whole Lotta Creativity Going ...,£38.20,Four,In stock
221,What's It Like in ...,£19.60,Two,In stock
222,"We Are Robin, Vol. ...",£53.90,One,In stock
223,Walt Disney's Alice in ...,£12.96,Five,In stock
224,V for Vendetta (V ...,£37.10,Four,In stock
225,Until Friday Night (The ...,£46.31,Two,In stock
226,Unbroken: A World War ...,£45.95,Two,In stock
227,Twenty Yawns,£22.08,Two,In stock
228,Through the Woods,£25.38,Two,In stock
229,This Is Where It ...,£27.12,Two,In stock
230,The Year of Magical ...,£43.04,Two,In stock
231,The Wright Brothers,£56.80,Four,In stock
232,The White Queen (The ...,£25.91,Five,In stock
233,The Wedding Pact (The ...,£32.61,Three,In stock
234,The Time Keeper,£27.88,Five,In stock
235,The Testament of Mary,£52.67,Four,In stock
236,The Star-Touched Queen,£46.02,Five,In stock
237,The Songs of the ...,£44.48,Five,In stock
238,The Song of Achilles,£37.40,Five,In stock
239,The Rosie Project (Don ...,£54.04,One,In stock
240,The Power of Habit: ...,£16.88,Three,In stock
241,The Marriage of Opposites,£28.08,Four,In stock
242,The Lucifer Effect: Understanding ...,£10.40,One,In stock
243,The Long Haul (Diary ...,£44.07,One,In stock
244,The Loney,£23.40,One,In stock
245,The Literature Book (Big ...,£17.43,Three,In stock
246,The Last Mile (Amos ...,£54.21,Two,In stock
247,The Immortal Life of ...,£40.67,Two,In stock
248,The Hidden Oracle (The ...,£52.26,Two,In stock
249,The Help Yourself Cookbook ...,£28.77,Three,In stock
250,The Guilty (Will Robie ...,£13.82,Two,In stock
251,The First Hostage (J.B. ...,£25.85,Three,In stock
252,The Dovekeepers,£48.78,One,In stock
253,The Darkest Lie,£35.35,Five,In stock
254,The Bane Chronicles (The ...,£44.73,Four,In stock
255,The Bad-Ass Librarians of ...,£15.77,One,In stock
256,The 14th Colony (Cotton ...,£39.24,One,In stock
257,That Darkness (Gardiner and ...,£13.92,One,In stock
258,Tastes Like Fear (DI ...,£10.69,One,In stock
259,Take Me with You,£45.21,Three,In stock
260,Swell: A Year of ...,£45.58,One,In stock
261,Superman Vol. 1: Before ...,£11.89,Five,In stock
262,Still Life with Bread ...,£26.41,Three,In stock
263,Steve Jobs,£39.50,Five,In stock
264,Sorting the Beef from ...,£44.74,Four,In stock
265,Someone Like You (The ...,£52.79,Five,In stock
266,"So Cute It Hurts!!, ...",£35.43,Four,In stock
267,Shtum,£55.84,Four,In stock
268,See America: A Celebration ...,£48.87,Three,In stock
269,salt.,£46.78,Four,In stock
270,Robin War,£47.82,Three,In stock
271,"Red Hood/Arsenal, Vol. 1: ...",£25.48,Two,In stock
272,Rain Fish,£23.57,Three,In stock
273,Quarter Life Poetry: Poems ...,£50.89,Five,In stock
274,Pet Sematary,£10.56,Three,In stock
275,"Overload: How to Unplug, ...",£52.15,Three,In stock
276,Once Was a Time,£18.28,Two,In stock
277,Old School (Diary of ...,£11.83,Five,In stock
278,No Dream Is Too ...,£21.95,Two,In stock
279,"Naruto (3-in-1 Edition), Vol. ...",£38.39,Two,In stock
280,My Name Is Lucy ...,£41.56,One,In stock
281,My Mrs. Brown,£24.48,Three,In stock
282,My Kind of Crazy,£40.36,One,In stock
283,Mr. Mercedes (Bill Hodges ...,£28.90,One,In stock
284,More Than Music (Chasing ...,£37.61,Two,In stock
285,Made to Stick: Why ...,£38.85,Five,In stock
286,Luis Paints the World,£53.95,Three,In stock
287,Luckiest Girl Alive,£49.83,Three,In stock
288,Lowriders to the Center ...,£51.51,Two,In stock
289,Love Is a Mix ...,£18.03,One,In stock
290,Looking for Lovely: Collecting ...,£29.14,Five,In stock
291,Living Leadership by Insight: ...,£46.91,Four,In stock
292,Let It Out: A ...,£26.79,Five,In stock
293,Lady Midnight (The Dark ...,£16.28,Five,In stock
294,"It's All Easy: Healthy, ...",£19.55,One,In stock
295,Island of Dragons (Unwanteds ...,£29.65,One,In stock
296,I Know What I'm ...,£25.98,Four,In stock
297,I Am Pilgrim (Pilgrim ...,£10.60,Four,In stock
298,Hyperbole and a Half: ...,£14.75,Five,In stock
299,"Hush, Hush (Hush, Hush ...",£47.02,Three,In stock
300,Hold Your Breath (Search ...,£28.82,One,In stock
301,Hamilton: The Revolution,£58.79,Three,In stock
302,Greek Mythic History,£10.23,Five,In stock
303,God: The Most Unpleasant ...,£30.03,Five,In stock
304,Glory over Everything: Beyond ...,£45.84,Three,In stock
305,Feathers: Displays of Brilliant ...,£49.05,Three,In stock
306,Far & Away: Places ...,£15.06,Four,In stock
307,Every Last Word,£46.47,Three,In stock
308,Eligible (The Austen Project ...,£27.09,Three,In stock
309,El Deafo,£57.62,Five,In stock
310,Eight Hundred Grapes,£14.39,Four,In stock
311,Eaternity: More than 150 ...,£51.75,Five,In stock
312,"Eat Fat, Get Thin",£54.07,Two,In stock
313,Don't Get Caught,£55.35,One,In stock
314,Doctor Sleep (The Shining ...,£40.12,Two,In stock
315,Demigods & Magicians: Percy ...,£37.51,Five,In stock
316,Dear Mr. Knightley,£11.21,Five,In stock
317,Daily Fantasy Sports,£36.58,One,In stock
318,Crazy Love: Overwhelmed by ...,£47.72,Two,In stock
319,Cometh the Hour (The ...,£25.01,Three,In stock
320,Code Name Verity (Code ...,£22.13,Four,In stock
321,Clockwork Angel (The Infernal ...,£44.14,One,In stock
322,City of Glass (The ...,£56.02,Four,In stock
323,City of Fallen Angels ...,£11.23,Four,In stock
324,City of Bones (The ...,£43.28,One,In stock
325,City of Ashes (The ...,£47.27,One,In stock
326,Cell,£20.29,Four,In stock
327,Catching Jordan (Hundred Oaks),£50.83,Three,In stock
328,"Carry On, Warrior: Thoughts ...",£31.85,Three,In stock
329,Carrie,£46.23,Two,In stock
330,Buying In: The Secret ...,£37.80,Four,In stock
331,Brain on Fire: My ...,£49.32,Five,In stock
332,Batman: Europa,£32.01,Two,In stock
333,Barefoot Contessa Back to ...,£28.01,One,In stock
334,Barefoot Contessa at Home: ...,£50.62,Five,In stock
335,Balloon Animals,£17.03,Three,In stock
336,Art Ops Vol. 1,£48.80,Three,In stock
337,Aristotle and Dante Discover ...,£58.14,Four,In stock
338,Angels Walking (Angels Walking ...,£34.20,Two,In stock
339,Angels & Demons (Robert ...,£51.48,Three,In stock
340,All the Light We ...,£29.87,Five,In stock
341,Adulthood Is a Myth: ...,£10.90,Two,In stock
342,Abstract City,£56.37,Five,In stock
343,A Time of Torment ...,£48.35,Five,In stock
344,A Study in Scarlet ...,£16.73,Two,In stock
345,A Series of Catastrophes ...,£56.48,Two,In stock
346,A People's History of ...,£40.79,Two,In stock
347,A Man Called Ove,£39.72,One,In stock
348,A Distant Mirror: The ...,£14.58,Three,In stock
349,A Brush of Wings ...,£55.51,One,In stock
350,1491: New Revelations of ...,£21.80,Three,In stock
351,"The Three Searches, Meaning, ...",£13.33,Three,In stock
352,Searching for Meaning in ...,£38.73,One,In stock
353,Rook,£37.86,Four,In stock
354,My Kitchen Year: 136 ...,£11.53,Two,In stock
355,13 Hours: The Inside ...,£27.06,One,In stock
356,Will You Won't You ...,£13.86,Three,In stock
357,Tipping Point for Planet ...,£37.55,One,In stock
358,The Star-Touched Queen,£32.30,Five,In stock
359,The Silent Sister (Riley ...,£46.29,Five,In stock
360,The Midnight Watch: A ...,£26.20,One,In stock
361,The Lonely City: Adventures ...,£33.26,Two,In stock
362,The Gray Rhino: How ...,£59.15,Four,In stock
363,The Golden Condom: And ...,£39.43,One,In stock
364,The Epidemic (The Program ...,£14.44,Five,In stock
365,The Dinner Party,£56.54,Two,In stock
366,The Diary of a ...,£59.90,Three,In stock
367,The Children,£11.88,Three,In stock
368,Stars Above (The Lunar ...,£48.05,Two,In stock
369,Snatched: How A Drug ...,£21.21,Three,In stock
370,Raspberry Pi Electronics Projects ...,£49.67,Four,In stock
371,Quench Your Own Thirst: ...,£43.14,One,In stock
372,Psycho: Sanitarium (Psycho #1.5),£36.97,Five,In stock
373,Poisonous (Max Revere Novels ...,£26.80,Three,In stock
374,One with You (Crossfire ...,£15.71,Four,In stock
375,No Love Allowed (Dodge ...,£54.65,Four,In stock
376,Murder at the 42nd ...,£54.36,Four,In stock
377,Most Wanted,£35.28,Three,In stock
378,"Love, Lies and Spies",£20.55,Two,In stock
379,How to Speak Golf: ...,£58.32,Five,In stock
380,Hide Away (Eve Duncan ...,£11.84,One,In stock
381,Furiously Happy: A Funny ...,£41.46,Four,In stock
382,Everyday Italian: 125 Simple ...,£20.10,Five,In stock
383,Equal Is Unfair: America's ...,£56.86,One,In stock
384,Eleanor & Park,£56.51,Five,In stock
385,Dirty (Dive Bar #1),£40.83,Four,In stock
386,Can You Keep a ...,£48.64,One,In stock
387,Boar Island (Anna Pigeon ...,£59.48,Three,In stock
388,A Paris Apartment,£39.01,Four,In stock
389,A la Mode: 120 ...,£38.77,One,In stock
390,Troublemaker: Surviving Hollywood and ...,£48.39,Two,In stock
391,The Widow,£27.26,Two,In stock
392,The Sleep Revolution: Transforming ...,£11.68,Four,In stock
393,The Improbability of Love,£59.45,One,In stock
394,The Art of Startup ...,£21.00,Three,In stock
395,Take Me Home Tonight ...,£53.98,Three,In stock
396,Sleeping Giants (Themis Files ...,£48.74,One,In stock
397,Setting the World on ...,£21.15,Two,In stock
398,Playing with Fire,£13.71,Three,In stock
399,Off the Hook (Fishing ...,£47.67,Three,In stock
400,Mothering Sunday,£13.34,Two,In stock
401,"Mother, Can You Not?",£16.89,Five,In stock
402,M Train,£27.18,One,In stock
403,Lilac Girls,£17.28,Two,In stock
404,Lies and Other Acts ...,£45.14,One,In stock
405,Lab Girl,£40.85,One,In stock
406,Keep Me Posted,£20.46,Four,In stock
407,It Didn't Start with ...,£56.27,Three,In stock
408,Grey (Fifty Shades #4),£48.49,Four,In stock
409,"Exit, Pursued by a ...",£51.34,Four,In stock
410,Daredevils,£16.34,Three,In stock
411,Cravings: Recipes for What ...,£20.50,Three,In stock
412,Born for This: How ...,£21.59,Five,In stock
413,Arena,£21.36,Four,In stock
414,Adultery,£20.88,Five,In stock
415,A Mother's Reckoning: Living ...,£19.53,Three,In stock
416,A Gentleman's Position (Society ...,£14.75,Five,In stock
417,11/22/63,£48.48,Three,In stock
418,10% Happier: How I ...,£24.57,Two,In stock
419,10-Day Green Smoothie Cleanse: ...,£49.71,Five,In stock
420,Without Shame,£48.27,Five,In stock
421,Watchmen,£58.05,Four,In stock
422,Unlimited Intuition Now,£58.87,Four,In stock
423,Underlying Notes,£11.82,Two,In stock
424,The Shack,£28.03,One,In stock
425,The New Brand You: ...,£44.05,Five,In stock
426,The Moosewood Cookbook: Recipes ...,£12.34,Four,In stock
427,The Flowers Lied,£16.68,Two,In stock
428,The Fabric of the ...,£55.91,One,In stock
429,The Book of Mormon,£24.57,Three,In stock
430,The Art and Science ...,£52.98,Five,In stock
431,The Alien Club,£54.40,One,In stock
432,Suzie Snowflake: One beautiful ...,£54.81,Five,In stock
433,Nap-a-Roo,£25.08,One,In stock
434,NaNo What Now? Finding ...,£10.41,Four,In stock
435,Modern Day Fables,£47.44,Two,In stock
436,If I Gave You ...,£20.91,One,In stock
437,"Fruits Basket, Vol. 9 ...",£33.95,Four,In stock
438,Dress Your Family in ...,£43.68,Three,In stock
439,Don't Forget Steven,£33.23,One,In stock
440,Chernobyl 01:23:40: The Incredible ...,£35.92,Two,In stock
441,Art and Fear: Observations ...,£48.63,Four,In stock
442,A Shard of Ice ...,£56.63,Three,In stock
443,A Hero's Curse (The ...,£50.49,Three,In stock
444,23 Degrees South: A ...,£35.79,Two,In stock
445,Zero to One: Notes ...,£34.06,Three,In stock
446,Why Not Me?,£17.76,One,In stock
447,When Breath Becomes Air,£39.36,Two,In stock
448,Vagabonding: An Uncommon Guide ...,£36.94,Two,In stock
449,The Unlikely Pilgrimage of ...,£43.62,Five,In stock
450,The New Drawing on ...,£43.02,Three,In stock
451,"The Midnight Assassin: Panic, ...",£28.45,Four,In stock
452,The Martian (The Martian ...,£41.39,Two,In stock
453,The High Mountains of ...,£51.15,One,In stock
454,The Grownup,£35.88,One,In stock
455,The E-Myth Revisited: Why ...,£36.91,One,In stock
456,South of Sunshine,£28.93,One,In stock
457,Smarter Faster Better: The ...,£38.89,Five,In stock
458,Silence in the Dark ...,£58.33,Three,In stock
459,Shadows of the Past ...,£39.67,Five,In stock
460,Roller Girl,£14.10,Five,In stock
461,Rising Strong,£21.82,Three,In stock
462,Proofs of God: Classical ...,£54.21,One,In stock
463,Please Kill Me: The ...,£31.19,Four,In stock
464,Out of Print: City ...,£53.64,Five,In stock
465,My Life Next Door ...,£36.39,Five,In stock
466,Miller's Valley,£58.54,Two,In stock
467,Man's Search for Meaning,£29.48,Three,In stock
468,Love That Boy: What ...,£25.06,Two,In stock
469,Living Forward: A Proven ...,£12.55,Three,In stock
470,Les Fleurs du Mal,£29.04,Five,In stock
471,Left Behind (Left Behind ...,£40.72,Two,In stock
472,Kill 'Em and Leave: ...,£45.05,Five,In stock
473,Kierkegaard: A Christian Missionary ...,£47.13,One,In stock
474,John Vassos: Industrial Design ...,£20.22,Four,In stock
475,I'll Give You the ...,£56.48,One,In stock
476,I Will Find You,£44.21,One,In stock
477,Hystopia: A Novel,£21.96,Four,In stock
478,Howl and Other Poems,£40.45,Two,In stock
479,History of Beauty,£10.29,Four,In stock
480,Heaven is for Real: ...,£52.86,Two,In stock
481,Future Shock (Future Shock ...,£55.65,Five,In stock
482,Ender's Game (The Ender ...,£43.64,One,In stock
483,Diary of a Citizen ...,£28.41,One,In stock
484,Death by Leisure: A ...,£37.51,Four,In stock
485,Brilliant Beacons: A History ...,£11.45,Three,In stock
486,Brazen: The Courage to ...,£19.22,Two,In stock
487,Between the World and ...,£56.91,Four,In stock
488,Being Mortal: Medicine and ...,£55.06,Four,In stock
489,A Murder Over a ...,£13.20,Three,In stock
490,32 Yolks,£53.63,Two,In stock
491,"""Most Blessed of the ...",£44.48,Five,In stock
492,You Are a Badass: ...,£12.08,Three,In stock
493,Wildlife of New York: ...,£22.14,Two,In stock
494,What Happened on Beale ...,£25.37,Five,In stock
495,Unreasonable Hope: Finding Faith ...,£46.33,Two,In stock
496,Under the Tuscan Sun,£37.33,Three,In stock
497,Toddlers Are A**holes: It's ...,£25.55,One,In stock
498,The Year of Living ...,£34.72,One,In stock
499,The Whale,£35.96,Four,In stock
500,The Story of Art,£41.14,Four,In stock
501,The Origin of Species,£10.01,Four,In stock
502,The Great Gatsby,£36.05,Four,In stock
503,The Good Girl,£49.03,Three,In stock
504,The Glass Castle,£16.24,One,In stock
505,The Faith of Christopher ...,£39.55,One,In stock
506,The Drowning Girls,£35.67,Three,In stock
507,The Constant Princess (The ...,£16.62,Three,In stock
508,The Bourne Identity (Jason ...,£42.78,Four,In stock
509,The Bachelor Girl's Guide ...,£52.30,Five,In stock
510,The Art Book,£32.34,Two,In stock
511,The 7 Habits of ...,£33.17,Four,In stock
512,Team of Rivals: The ...,£20.12,Five,In stock
513,Steal Like an Artist: ...,£20.90,Two,In stock
514,"Sit, Stay, Love",£20.90,Three,In stock
515,Sister Dear,£40.20,Four,In stock
516,"Shrunken Treasures: Literary Classics, ...",£52.87,Three,In stock
517,"Rich Dad, Poor Dad",£51.74,One,In stock
518,Raymie Nightingale,£34.41,Two,In stock
519,Playing from the Heart,£32.38,One,In stock
520,Nightstruck: A Novel,£50.35,Four,In stock
521,Naturally Lean: 125 Nourishing ...,£11.38,Five,In stock
522,Meternity,£43.58,Three,In stock
523,Memoirs of a Geisha,£49.67,Three,In stock
524,Like Never Before (Walker ...,£28.77,Two,In stock
525,Life of Pi,£13.22,Four,In stock
526,Leave This Song Behind: ...,£51.17,Five,In stock
527,King's Folly (The Kinsman ...,£39.61,Five,In stock
528,John Adams,£57.43,Four,In stock
529,How to Cook Everything ...,£46.01,Four,In stock
530,How to Be a ...,£28.25,Two,In stock
531,Good in Bed (Cannie ...,£37.05,Five,In stock
532,"Fruits Basket, Vol. 7 ...",£19.57,One,In stock
533,For the Love: Fighting ...,£45.13,Three,In stock
534,Finding God in the ...,£46.64,Two,In stock
535,Every Heart a Doorway ...,£12.16,Five,In stock
536,Delivering the Truth (Quaker ...,£20.89,Four,In stock
537,Counted With the Stars ...,£17.97,Five,In stock
538,"Chronicles, Vol. 1",£52.60,Two,In stock
539,Blue Like Jazz: Nonreligious ...,£25.77,One,In stock
540,Benjamin Franklin: An American ...,£48.19,Three,In stock
541,At The Existentialist Café: ...,£29.93,Five,In stock
542,A Summer In Europe,£44.34,Two,In stock
543,A Short History of ...,£52.40,Five,In stock
544,A Gathering of Shadows ...,£44.81,Four,In stock
545,The Sound Of Love,£57.84,Five,In stock
546,The Rise and Fall ...,£39.67,Two,In stock
547,The Perks of Being ...,£55.02,Three,In stock
548,The Mysterious Affair at ...,£24.80,Four,In stock
549,The Man Who Mistook ...,£59.45,Four,In stock
550,The Makings of a ...,£31.58,Two,In stock
551,The Joy of Cooking,£43.27,Four,In stock
552,The Invention of Wings,£37.34,One,In stock
553,The Hobbit (Middle-Earth Universe),£17.80,Five,In stock
554,The Great Railway Bazaar,£30.54,One,In stock
555,The Golden Compass (His ...,£18.77,One,In stock
556,The God Delusion,£46.85,Three,In stock
557,The Girl You Left ...,£15.79,One,In stock
558,The Fellowship of the ...,£10.27,Two,In stock
559,The Collected Poems of ...,£15.42,Five,In stock
560,The Barefoot Contessa Cookbook,£59.92,Five,In stock
561,Tell the Wolves I'm ...,£50.96,Two,In stock
562,Ship Leaves Harbor: Essays ...,£30.60,Three,In stock
563,Pride and Prejudice,£19.27,Four,In stock
564,Musicophilia: Tales of Music ...,£46.58,One,In stock
565,Mere Christianity,£48.51,Three,In stock
566,Me Before You (Me ...,£19.02,One,In stock
567,In the Woods (Dublin ...,£38.38,Two,In stock
568,In Cold Blood,£49.98,Four,In stock
569,How to Stop Worrying ...,£46.49,Five,In stock
570,Give It Back,£18.32,Two,In stock
571,"Girl, Interrupted",£42.14,Three,In stock
572,Fun Home: A Family ...,£56.59,Four,In stock
573,"Fruits Basket, Vol. 6 ...",£20.96,Four,In stock
574,Deception Point,£40.32,Four,In stock
575,"Death Note, Vol. 6: ...",£36.39,Three,In stock
576,Catherine the Great: Portrait ...,£58.55,Four,In stock
577,Better Homes and Gardens ...,£39.61,Three,In stock
578,An Unquiet Mind: A ...,£21.30,Three,In stock
579,A Year in Provence ...,£56.88,Four,In stock
580,World Without End (The ...,£32.97,Four,In stock
581,"Will Grayson, Will Grayson ...",£47.31,Four,In stock
582,Why Save the Bankers?: ...,£48.67,Two,In stock
583,Where She Went (If ...,£41.73,Four,In stock
584,What If?: Serious Scientific ...,£53.68,Four,In stock
585,Two Summers,£14.64,One,In stock
586,This Is Your Brain ...,£38.40,One,In stock
587,The Secret Garden,£15.08,Four,In stock
588,The Raven King (The ...,£30.57,Two,In stock
589,The Raven Boys (The ...,£57.74,Four,In stock
590,The Power Greens Cookbook: ...,£11.05,Five,In stock
591,The Metamorphosis,£28.58,One,In stock
592,The Mathews Men: Seven ...,£42.91,Five,In stock
593,The Little Paris Bookshop,£24.73,Three,In stock
594,The Hiding Place,£55.91,Four,In stock
595,The Grand Design,£13.76,Three,In stock
596,The Firm,£45.56,Three,In stock
597,The Fault in Our ...,£47.22,One,In stock
598,The False Prince (The ...,£56.00,Five,In stock
599,The Expatriates,£44.58,Two,In stock
600,The Dream Thieves (The ...,£34.50,One,In stock
601,The Darkest Corners,£11.33,Five,In stock
602,The Crossover,£38.77,Four,In stock
603,The 5th Wave (The ...,£11.83,Two,In stock
604,Tell the Wind and ...,£45.51,Three,In stock
605,Tell Me Three Things,£41.81,One,In stock
606,Talking to Girls About ...,£25.15,Four,In stock
607,Siddhartha,£34.22,Five,In stock
608,Shiver (The Wolves of ...,£16.23,Five,In stock
609,Remember Me?,£11.48,Three,In stock
610,Red Dragon (Hannibal Lecter ...,£23.37,Three,In stock
611,Peak: Secrets from the ...,£16.28,Two,In stock
612,My Mother Was Nuts,£31.63,Four,In stock
613,Mexican Today: New and ...,£24.91,Five,In stock
614,Maybe Something Beautiful: How ...,£22.54,One,In stock
615,Lola and the Boy ...,£23.63,Four,In stock
616,Logan Kade (Fallen Crest ...,£13.12,Two,In stock
617,Last One Home (New ...,£59.98,Three,In stock
618,Killing Floor (Jack Reacher ...,£31.49,Four,In stock
619,Kill the Boy Band,£15.52,Five,In stock
620,Isla and the Happily ...,£48.13,Five,In stock
621,If I Stay (If ...,£38.13,Five,In stock
622,I Know Why the ...,£36.55,Two,In stock
623,Harry Potter and the ...,£23.32,One,In stock
624,"Fruits Basket, Vol. 5 ...",£16.33,One,In stock
625,Foundation (Foundation (Publication Order) ...,£32.42,One,In stock
626,Fool Me Once,£16.96,One,In stock
627,Find Her (Detective D.D. ...,£22.37,One,In stock
628,Evicted: Poverty and Profit ...,£42.27,One,In stock
629,Drama,£38.70,Two,In stock
630,Dracula the Un-Dead,£35.63,Five,In stock
631,Digital Fortress,£58.00,Five,In stock
632,"Death Note, Vol. 5: ...",£52.41,One,In stock
633,"Data, A Love Story: ...",£32.35,Three,In stock
634,Critique of Pure Reason,£20.75,One,In stock
635,Booked,£17.49,Five,In stock
636,"Blue Lily, Lily Blue ...",£34.13,Five,In stock
637,Approval Junkie: Adventures in ...,£58.81,Five,In stock
638,An Abundance of Katherines,£10.00,Five,In stock
639,America's War for the ...,£51.22,Two,In stock
640,Alight (The Generations Trilogy ...,£58.59,Four,In stock
641,A Girl's Guide to ...,£31.30,One,In stock
642,A Game of Thrones ...,£46.42,Two,In stock
643,A Feast for Crows ...,£17.21,Four,In stock
644,A Clash of Kings ...,£10.79,Three,In stock
645,Vogue Colors A to ...,£52.35,Four,In stock
646,The Shining (The Shining ...,£27.88,Three,In stock
647,The Pilgrim's Progress,£50.26,Two,In stock
648,The Perfect Play (Play ...,£59.99,Three,In stock
649,The Passion of Dolssa,£28.32,Five,In stock
650,The Jazz of Physics: ...,£38.71,Three,In stock
651,The Hunger Games (The ...,£29.85,Five,In stock
652,The Hound of the ...,£14.82,Two,In stock
653,The Gunning of America: ...,£16.81,Four,In stock
654,The Geography of Bliss: ...,£28.23,Two,In stock
655,The Demonists (Demonist #1),£52.11,Two,In stock
656,The Demon Prince of ...,£27.88,Two,In stock
657,The Bone Hunters (Lexy ...,£59.71,Three,In stock
658,The Beast (Black Dagger ...,£46.08,Five,In stock
659,Some Women,£13.73,Five,In stock
660,Shopaholic Ties the Knot ...,£48.39,Five,In stock
661,Paper and Fire (The ...,£49.45,Five,In stock
662,Outlander (Outlander #1),£19.67,Five,In stock
663,Orchestra of Exiles: The ...,£12.36,Three,In stock
664,No One Here Gets ...,£20.02,Five,In stock
665,Night Shift (Night Shift ...,£12.75,Four,In stock
666,Needful Things,£47.51,Four,In stock
667,Mockingjay (The Hunger Games ...,£20.44,Four,In stock
668,Misery,£34.79,Two,In stock
669,Little Women (Little Women ...,£28.07,Four,In stock
670,It,£25.01,Three,In stock
671,Harry Potter and the ...,£13.90,Three,In stock
672,Harry Potter and the ...,£24.17,Four,In stock
673,Harry Potter and the ...,£31.63,Four,In stock
674,Harry Potter and the ...,£48.75,Five,In stock
675,Harry Potter and the ...,£14.74,One,In stock
676,Gone with the Wind,£32.49,Three,In stock
677,God Is Not Great: ...,£27.80,One,In stock
678,Girl With a Pearl ...,£26.77,One,In stock
679,"Fruits Basket, Vol. 4 ...",£50.44,Four,In stock
680,Far From True (Promise ...,£34.93,Two,In stock
681,Dark Lover (Black Dagger ...,£12.87,One,In stock
682,Confessions of a Shopaholic ...,£48.94,Two,In stock
683,Changing the Game (Play ...,£13.38,Three,In stock
684,Candide,£58.63,Three,In stock
685,Can You Keep a ...,£21.94,One,In stock
686,Atlas Shrugged,£26.58,Five,In stock
687,Animal Farm,£57.22,Three,In stock
688,A Walk to Remember,£56.43,One,In stock
689,A New Earth: Awakening ...,£55.65,Five,In stock
690,A History of God: ...,£27.62,One,In stock
691,'Salem's Lot,£49.56,Four,In stock
692,Zero History (Blue Ant ...,£34.77,One,In stock
693,Wuthering Heights,£17.73,Three,In stock
694,World War Z: An ...,£21.80,One,In stock
695,Wild: From Lost to ...,£46.02,Three,In stock
696,"Where'd You Go, Bernadette",£18.13,One,In stock
697,When You Are Engulfed ...,£30.89,Five,In stock
698,We the People: The ...,£31.95,Three,In stock
699,We Are All Completely ...,£24.04,One,In stock
700,Walk the Edge (Thunder ...,£32.36,Three,In stock
701,Voyager (Outlander #3),£21.07,Five,In stock
702,Very Good Lives: The ...,£50.66,Three,In stock
703,Vegan Vegetarian Omnivore: Dinner ...,£13.66,Two,In stock
704,"Unstuffed: Decluttering Your Home, ...",£58.09,One,In stock
705,Under the Banner of ...,£30.00,One,In stock
706,Two Boys Kissing,£32.74,Two,In stock
707,Twilight (Twilight #1),£41.93,Two,In stock
708,Twenties Girl,£42.80,Two,In stock
709,Trespassing Across America: One ...,£53.51,One,In stock
710,Three-Martini Lunch,£23.21,Three,In stock
711,"Thinking, Fast and Slow",£21.14,One,In stock
712,The Wild Robot,£56.07,Three,In stock
713,The Wicked + The ...,£14.41,Three,In stock
714,The Undomestic Goddess,£45.75,Four,In stock
715,The Travelers,£15.77,One,In stock
716,The Tipping Point: How ...,£10.02,Two,In stock
717,The Thing About Jellyfish,£48.77,One,In stock
718,The Stand,£57.86,Two,In stock
719,The Smitten Kitchen Cookbook,£23.59,One,In stock
720,The Silkworm (Cormoran Strike ...,£23.05,Five,In stock
721,"The Sandman, Vol. 3: ...",£55.55,Five,In stock
722,The Rose & the ...,£58.64,Four,In stock
723,The Road to Little ...,£23.21,One,In stock
724,The Rise of Theodore ...,£42.57,Three,In stock
725,The Restaurant at the ...,£10.92,One,In stock
726,The Rest Is Noise: ...,£34.77,One,In stock
727,The Red Tent,£35.66,Five,In stock
728,The Purpose Driven Life: ...,£37.19,Three,In stock
729,The Purest Hook (Second ...,£12.25,One,In stock
730,The Picture of Dorian ...,£29.70,Two,In stock
731,The Paris Wife,£36.80,Three,In stock
732,The Obsession,£45.43,One,In stock
733,The Nightingale,£26.26,Four,In stock
734,The New Guy (and ...,£44.92,Three,In stock
735,The Nanny Diaries (Nanny ...,£52.53,Five,In stock
736,The Name of God ...,£37.25,Two,In stock
737,The Maze Runner (The ...,£20.93,One,In stock
738,The Lover's Dictionary,£58.09,Two,In stock
739,The Lonely Ones,£43.59,Five,In stock
740,The Lean Startup: How ...,£33.92,Three,In stock
741,The Last Painting of ...,£55.55,Two,In stock
742,"The Land of 10,000 ...",£29.64,Four,In stock
743,The Infinities,£27.41,One,In stock
744,The Husband's Secret,£52.51,Five,In stock
745,The Hitchhiker's Guide to ...,£47.80,Three,In stock
746,The Guns of August,£14.54,Two,In stock
747,The Guernsey Literary and ...,£49.53,One,In stock
748,The Goldfinch,£43.58,Three,In stock
749,The Giver (The Giver ...,£12.30,One,In stock
750,The Girl with All ...,£49.47,Three,In stock
751,The Girl Who Played ...,£22.14,Two,In stock
752,The Girl Who Kicked ...,£57.48,One,In stock
753,The Exiled,£43.45,Three,In stock
754,The End of Faith: ...,£22.13,Four,In stock
755,"The Elegant Universe: Superstrings, ...",£13.03,Four,In stock
756,The Disappearing Spoon: And ...,£57.35,Five,In stock
757,The Devil Wears Prada ...,£44.29,One,In stock
758,The Demon-Haunted World: Science ...,£52.25,Four,In stock
759,The Day the Crayons ...,£26.33,Five,In stock
760,The Da Vinci Code ...,£22.96,Two,In stock
761,The Cuckoo's Calling (Cormoran ...,£19.21,One,In stock
762,The Complete Stories and ...,£26.78,Four,In stock
763,The Complete Poems,£41.32,Five,In stock
764,The Catcher in the ...,£24.55,One,In stock
765,The Cat in the ...,£16.26,Two,In stock
766,The Case for Christ ...,£47.84,One,In stock
767,The Book Thief,£53.49,Two,In stock
768,The Book of Basketball: ...,£44.84,Five,In stock
769,The Blind Side: Evolution ...,£53.71,Five,In stock
770,The Autobiography of Malcolm ...,£23.43,Two,In stock
771,The Art of Simple ...,£34.32,Three,In stock
772,The Art of Fielding,£22.10,One,In stock
773,"Surely You're Joking, Mr. ...",£25.83,Two,In stock
774,Stiff: The Curious Lives ...,£36.74,Three,In stock
775,Spilled Milk: Based on ...,£49.51,One,In stock
776,Something Borrowed (Darcy & ...,£48.96,Five,In stock
777,Something Blue (Darcy & ...,£54.62,One,In stock
778,Soldier (Talon #3),£24.72,Two,In stock
779,Shopaholic & Baby (Shopaholic ...,£46.45,Two,In stock
780,Seven Days in the ...,£52.33,Two,In stock
781,Seven Brief Lessons on ...,£30.60,Four,In stock
782,Scarlet (The Lunar Chronicles ...,£14.57,Four,In stock
783,Sarah's Key,£46.29,One,In stock
784,"Saga, Volume 3 (Saga ...",£21.57,Five,In stock
785,Running with Scissors,£12.91,Four,In stock
786,Rogue Lawyer (Rogue Lawyer ...,£50.11,Three,In stock
787,Rise of the Rocket ...,£41.67,Four,In stock
788,Rework,£44.88,Two,In stock
789,Reservations for Two,£11.10,Three,In stock
790,Red: The True Story ...,£28.54,Three,In stock
791,Ready Player One,£19.07,Four,In stock
792,Quiet: The Power of ...,£43.55,One,In stock
793,Prodigy: The Graphic Novel ...,£43.63,Three,In stock
794,Persepolis: The Story of ...,£39.13,One,In stock
795,Packing for Mars: The ...,£56.68,Two,In stock
796,Outliers: The Story of ...,£14.16,One,In stock
797,Original Fake,£31.45,Three,In stock
798,Orange Is the New ...,£24.61,Two,In stock
799,One for the Money ...,£32.87,Two,In stock
800,Notes from a Small ...,£40.17,One,In stock
801,Night (The Night Trilogy ...,£13.51,One,In stock
802,Neither Here nor There: ...,£38.95,Three,In stock
803,Naked,£31.69,Three,In stock
804,Morning Star (Red Rising ...,£29.40,One,In stock
805,Miracles from Heaven: A ...,£57.83,One,In stock
806,Midnight Riot (Peter Grant/ ...,£55.46,Two,In stock
807,Me Talk Pretty One ...,£57.60,Two,In stock
808,Manuscript Found in Accra,£34.98,Two,In stock
809,Lust & Wonder,£11.87,Two,In stock
810,Lila (Gilead #3),£12.47,Three,In stock
811,"Life, the Universe and ...",£33.26,Two,In stock
812,Life Without a Recipe,£59.04,Five,In stock
813,Life After Life,£26.13,Two,In stock
814,Letter to a Christian ...,£22.20,One,In stock
815,Let's Pretend This Never ...,£45.11,One,In stock
816,Legend (Legend #1),£43.69,Four,In stock
817,"Lean In: Women, Work, ...",£25.02,One,In stock
818,Lamb: The Gospel According ...,£55.50,Five,In stock
819,Lady Renegades (Rebel Belle ...,£53.04,Five,In stock
820,Jurassic Park (Jurassic Park ...,£44.97,One,In stock
821,It's Never Too Late ...,£42.38,One,In stock
822,Is Everyone Hanging Out ...,£20.11,Three,In stock
823,Into the Wild,£56.70,Five,In stock
824,Inferno (Robert Langdon #4),£41.00,Five,In stock
825,In the Garden of ...,£28.85,Three,In stock
826,If I Run (If ...,£49.97,Four,In stock
827,I've Got Your Number,£19.69,One,In stock
828,I Am Malala: The ...,£28.88,Two,In stock
829,Hungry Girl Clean & ...,£33.14,Three,In stock
830,House of Lost Worlds: ...,£43.70,Two,In stock
831,House of Leaves,£54.89,One,In stock
832,Horrible Bear!,£37.52,Two,In stock
833,Holidays on Ice,£51.07,Two,In stock
834,Heir to the Sky,£44.07,Four,In stock
835,Green Eggs and Ham ...,£10.79,Four,In stock
836,"Grayson, Vol 3: Nemesis ...",£42.72,One,In stock
837,Gratitude,£26.66,Five,In stock
838,Gone Girl,£37.60,Five,In stock
839,Golden (Heart of Dread ...,£42.21,Four,In stock
840,Girl in the Blue ...,£46.83,Two,In stock
841,"Fruits Basket, Vol. 3 ...",£45.17,Two,In stock
842,Friday Night Lights: A ...,£51.22,Three,In stock
843,Fire Bound (Sea Haven/Sisters ...,£21.28,Four,In stock
844,Fifty Shades Freed (Fifty ...,£15.36,Five,In stock
845,Fellside,£38.62,One,In stock
846,Extreme Prey (Lucas Davenport ...,£25.40,Three,In stock
847,Eragon (The Inheritance Cycle ...,£43.87,Three,In stock
848,Eclipse (Twilight #3),£18.74,One,In stock
849,Dune (Dune #1),£54.86,One,In stock
850,Dracula,£52.62,Three,In stock
851,Do Androids Dream of ...,£51.48,One,In stock
852,Disrupted: My Misadventure in ...,£15.28,Five,In stock
853,Dead Wake: The Last ...,£39.24,Five,In stock
854,"David and Goliath: Underdogs, ...",£17.81,One,In stock
855,Darkfever (Fever #1),£56.02,One,In stock
856,Dark Places,£23.90,Five,In stock
857,Crazy Rich Asians (Crazy ...,£49.13,Five,In stock
858,Counting Thyme,£10.62,One,In stock
859,Cosmos,£36.17,Two,In stock
860,Civilization and Its Discontents,£59.95,Two,In stock
861,Cinder (The Lunar Chronicles ...,£26.09,One,In stock
862,Catastrophic Happiness: Finding Joy ...,£37.35,Two,In stock
863,Career of Evil (Cormoran ...,£24.72,Two,In stock
864,Breaking Dawn (Twilight #4),£35.28,Five,In stock
865,Brave Enough,£51.32,Five,In stock
866,Boy Meets Boy,£21.12,Three,In stock
867,Born to Run: A ...,£27.35,Two,In stock
868,Blink: The Power of ...,£21.74,Five,In stock
869,Black Flags: The Rise ...,£40.87,One,In stock
870,"Black Butler, Vol. 1 ...",£49.31,One,In stock
871,Big Little Lies,£22.11,One,In stock
872,Between Shades of Gray,£20.79,Five,In stock
873,Best of My Love ...,£27.41,Two,In stock
874,Beowulf,£38.35,Two,In stock
875,Beautiful Creatures (Caster Chronicles ...,£21.55,Five,In stock
876,Awkward,£38.02,Two,In stock
877,Ash,£22.06,Four,In stock
878,Are We There Yet?,£10.66,Three,In stock
879,Are We Smart Enough ...,£56.58,One,In stock
880,Annie on My Mind,£36.83,Five,In stock
881,And Then There Were ...,£35.01,Two,In stock
882,A Walk in the ...,£30.48,Four,In stock
883,A Visit from the ...,£14.08,Five,In stock
884,A Storm of Swords ...,£31.22,Two,In stock
885,A Heartbreaking Work of ...,£54.29,Five,In stock
886,8 Keys to Mental ...,£31.04,One,In stock
887,#GIRLBOSS,£50.96,One,In stock
888,The Suffragettes (Little Black ...,£11.89,Two,In stock
889,The Sense of an ...,£31.38,Three,In stock
890,"The Sandman, Vol. 2: ...",£54.81,One,In stock
891,The Course of Love,£16.78,Three,In stock
892,Sugar Rush (Offensive Line ...,£24.42,One,In stock
893,"Saga, Volume 2 (Saga ...",£11.75,Three,In stock
894,"Run, Spot, Run: The ...",£20.02,One,In stock
895,New Moon (Twilight #2),£12.86,Four,In stock
896,Life,£31.58,Five,In stock
897,Kindle Paperwhite User's Guide,£34.00,Three,In stock
898,H is for Hawk,£57.42,Five,In stock
899,Girl Online On Tour ...,£53.47,One,In stock
900,"Fruits Basket, Vol. 2 ...",£11.64,Five,In stock
901,Diary of a Minecraft ...,£52.88,Four,In stock
902,"Y: The Last Man, ...",£18.51,Four,In stock
903,While You Were Mine,£41.32,Five,In stock
904,Where Lightning Strikes (Bleeding ...,£39.77,Three,In stock
905,When I'm Gone,£51.96,Three,In stock
906,Ways of Seeing,£39.51,Five,In stock
907,"Vampire Knight, Vol. 1 ...",£15.40,One,In stock
908,Vampire Girl (Vampire Girl ...,£53.82,Two,In stock
909,Twenty Love Poems and ...,£30.95,Four,In stock
910,Travels with Charley: In ...,£57.82,Five,In stock
911,Three Wishes (River of ...,£44.18,Two,In stock
912,This One Moment (Pushing ...,£48.71,One,In stock
913,The Zombie Room,£19.69,Five,In stock
914,The Wicked + The ...,£36.52,Two,In stock
915,The Tumor,£41.56,Five,In stock
916,The Story of Hong ...,£43.19,Four,In stock
917,The Silent Wife,£12.34,Five,In stock
918,The Silent Twin (Detective ...,£36.25,Three,In stock
919,The Selfish Gene,£29.45,One,In stock
920,The Secret Healer,£34.56,Three,In stock
921,"The Sandman, Vol. 1: ...",£54.12,Three,In stock
922,The Republic,£33.78,Three,In stock
923,The Odyssey,£29.64,Three,In stock
924,The No. 1 Ladies' ...,£57.70,Four,In stock
925,The Nicomachean Ethics,£36.34,One,In stock
926,The Name of the ...,£50.59,Three,In stock
927,The Mirror & the ...,£29.38,One,In stock
928,The Little Prince,£45.42,Two,In stock
929,The Light of the ...,£54.43,One,In stock
930,The Last Girl (The ...,£36.26,Two,In stock
931,The Iliad,£16.16,One,In stock
932,The Hook Up (Game ...,£36.29,Five,In stock
933,The Haters,£27.89,Five,In stock
934,The Girl You Lost,£12.29,Five,In stock
935,The Girl In The ...,£15.85,Three,In stock
936,The End of the ...,£14.40,One,In stock
937,The Edge of Reason ...,£19.18,Four,In stock
938,The Complete Maus (Maus ...,£10.64,Three,In stock
939,The Communist Manifesto,£14.76,Three,In stock
940,The Bhagavad Gita,£57.49,Three,In stock
941,The Bette Davis Club,£30.66,Three,In stock
942,The Art of Not ...,£40.83,Four,In stock
943,Taking Shots (Assassins #1),£18.88,Two,In stock
944,Starlark,£25.83,Three,In stock
945,"Skip Beat!, Vol. 01 ...",£42.12,Three,In stock
946,Sister Sable (The Mad ...,£13.33,Three,In stock
947,Shatter Me (Shatter Me ...,£42.40,One,In stock
948,Shameless,£58.35,Three,In stock
949,Shadow Rites (Jane Yellowrock ...,£21.72,Four,In stock
950,Settling the Score (The ...,£44.91,Two,In stock
951,Sense and Sensibility,£37.46,One,In stock
952,"Saga, Volume 1 (Saga ...",£28.48,One,In stock
953,"Rhythm, Chord & Malykhin",£28.34,Two,In stock
954,"Rat Queens, Vol. 1: ...",£46.96,Five,In stock
955,Paradise Lost (Paradise #1),£24.96,One,In stock
956,"Paper Girls, Vol. 1 ...",£21.71,Four,In stock
957,Ouran High School Host ...,£29.87,Three,In stock
958,Origins (Alphas 0.5),£28.99,One,In stock
959,One Second (Seven #7),£52.94,Two,In stock
960,On the Road (Duluoz ...,£32.36,Three,In stock
961,Old Records Never Die: ...,£55.66,Two,In stock
962,Off Sides (Off #1),£39.45,Five,In stock
963,Of Mice and Men,£47.11,Two,In stock
964,Myriad (Prentor #1),£58.75,Four,In stock
965,My Perfect Mistake (Over ...,£38.92,Two,In stock
966,"Ms. Marvel, Vol. 1: ...",£39.39,Four,In stock
967,Meditations,£25.89,Two,In stock
968,Matilda,£28.34,One,In stock
969,Lost Among the Living,£27.70,Four,In stock
970,Lord of the Flies,£24.89,Three,In stock
971,Listen to Me (Fusion ...,£58.99,Three,In stock
972,Kitchens of the Great ...,£57.20,Five,In stock
973,Jane Eyre,£38.43,Five,In stock
974,Imperfect Harmony,£34.74,Four,In stock
975,Icing (Aces Hockey #2),£40.44,Four,In stock
976,"Hawkeye, Vol. 1: My ...",£45.24,Three,In stock
977,Having the Barbarian's Baby ...,£34.96,Four,In stock
978,"Giant Days, Vol. 1 ...",£56.76,Four,In stock
979,"Fruits Basket, Vol. 1 ...",£40.28,Five,In stock
980,Frankenstein,£38.00,Two,In stock
981,Forever Rockers (The Rocker ...,£28.80,Three,In stock
982,Fighting Fate (Fighting #6),£39.24,Three,In stock
983,Emma,£32.93,Two,In stock
984,"Eat, Pray, Love",£51.32,Three,In stock
985,Deep Under (Walker Security ...,£47.09,Five,In stock
986,Choosing Our Religion: The ...,£28.42,Four,In stock
987,Charlie and the Chocolate ...,£22.85,Three,In stock
988,Charity's Cross (Charles Towne ...,£41.24,One,In stock
989,Bright Lines,£39.07,Five,In stock
990,Bridget Jones's Diary (Bridget ...,£29.82,One,In stock
991,Bounty (Colorado Mountain #7),£37.26,Four,In stock
992,Blood Defense (Samantha Brinkman ...,£20.30,Three,In stock
993,"Bleach, Vol. 1: Strawberry ...",£34.65,Five,In stock
994,Beyond Good and Evil,£43.38,One,In stock
995,Alice in Wonderland (Alice's ...,£55.53,One,In stock
996,"Ajin: Demi-Human, Volume 1 ...",£57.06,Four,In stock
997,A Spy's Devotion (The ...,£16.97,Five,In stock
998,1st to Die (Women's ...,£53.98,One,In stock
999,"1,000 Places to See ...",£26.08,Five,In stock
